"X","instant","dteday","season","weathersit","temp","casual","registered","total_user","low_usage"
96,96,"2011-04-06",2,1,16,413,2395,2808,0
97,97,"2011-04-07",2,1,17.9,571,2570,3141,0
98,98,"2011-04-08",2,2,13.8,172,1299,1471,1
99,99,"2011-04-09",2,2,14,879,1576,2455,0
100,100,"2011-04-10",2,2,17.5,1188,1707,2895,0
101,101,"2011-04-11",2,2,24.4,855,2493,3348,0
102,102,"2011-04-12",2,2,20.6,257,1777,2034,1
103,103,"2011-04-13",2,2,16.9,209,1953,2162,1
104,104,"2011-04-14",2,1,19.2,529,2738,3267,0
105,105,"2011-04-15",2,1,18.3,642,2484,3126,0
106,106,"2011-04-16",2,3,17.7,121,674,795,1
107,107,"2011-04-17",2,1,18.7,1558,2186,3744,0
108,108,"2011-04-18",2,1,21,669,2760,3429,0
109,109,"2011-04-19",2,2,20.7,409,2795,3204,0
110,110,"2011-04-20",2,1,24.4,613,3331,3944,0
111,111,"2011-04-21",2,1,18.8,745,3444,4189,0
112,112,"2011-04-22",2,2,13.8,177,1506,1683,1
113,113,"2011-04-23",2,2,18.9,1462,2574,4036,0
114,114,"2011-04-24",2,2,23.8,1710,2481,4191,0
115,115,"2011-04-25",2,1,24.9,773,3300,4073,0
116,116,"2011-04-26",2,1,25.9,678,3722,4400,0
117,117,"2011-04-27",2,2,25.4,547,3325,3872,0
118,118,"2011-04-28",2,2,25.3,569,3489,4058,0
119,119,"2011-04-29",2,1,20.9,878,3717,4595,0
120,120,"2011-04-30",2,1,19.4,1965,3347,5312,0
121,121,"2011-05-01",2,2,18.5,1138,2213,3351,0
122,122,"2011-05-02",2,2,22.5,847,3554,4401,0
123,123,"2011-05-03",2,2,25.3,603,3848,4451,0
124,124,"2011-05-04",2,2,17,255,2378,2633,0
125,125,"2011-05-05",2,1,18.8,614,3819,4433,0
126,126,"2011-05-06",2,1,19.6,894,3714,4608,0
127,127,"2011-05-07",2,1,21.3,1612,3102,4714,0
128,128,"2011-05-08",2,1,21.7,1401,2932,4333,0
129,129,"2011-05-09",2,1,21.8,664,3698,4362,0
130,130,"2011-05-10",2,1,21.8,694,4109,4803,0
131,131,"2011-05-11",2,1,22.2,550,3632,4182,0
132,132,"2011-05-12",2,1,21.9,695,4169,4864,0
133,133,"2011-05-13",2,2,21,692,3413,4105,0
134,134,"2011-05-14",2,2,21.4,902,2507,3409,0
135,135,"2011-05-15",2,2,23.1,1582,2971,4553,0
136,136,"2011-05-16",2,1,23.7,773,3185,3958,0
137,137,"2011-05-17",2,2,23,678,3445,4123,0
138,138,"2011-05-18",2,2,22.6,536,3319,3855,0
139,139,"2011-05-19",2,2,21.8,735,3840,4575,0
140,140,"2011-05-20",2,1,22,909,4008,4917,0
141,141,"2011-05-21",2,1,24.7,2258,3547,5805,0
142,142,"2011-05-22",2,1,24.8,1576,3084,4660,0
143,143,"2011-05-23",2,2,25.9,836,3438,4274,0
144,144,"2011-05-24",2,2,27.1,659,3833,4492,0
145,145,"2011-05-25",2,1,27.1,740,4238,4978,0
146,146,"2011-05-26",2,1,29,758,3919,4677,0
147,147,"2011-05-27",2,1,27.9,871,3808,4679,0
148,148,"2011-05-28",2,1,26.9,2001,2757,4758,0
149,149,"2011-05-29",2,1,27.4,2355,2433,4788,0
150,150,"2011-05-30",2,1,30.1,1549,2549,4098,0
151,151,"2011-05-31",2,1,31.8,673,3309,3982,0
152,152,"2011-06-01",2,2,31.3,513,3461,3974,0
153,153,"2011-06-02",2,1,29.3,736,4232,4968,0
154,154,"2011-06-03",2,1,25.4,898,4414,5312,0
155,155,"2011-06-04",2,1,26,1869,3473,5342,0
156,156,"2011-06-05",2,2,26.6,1685,3221,4906,0
157,157,"2011-06-06",2,1,27.8,673,3875,4548,0
158,158,"2011-06-07",2,1,29,763,4070,4833,0
159,159,"2011-06-08",2,1,31.8,676,3725,4401,0
160,160,"2011-06-09",2,2,33.1,563,3352,3915,0
161,161,"2011-06-10",2,1,31,815,3771,4586,0
162,162,"2011-06-11",2,1,29.7,1729,3237,4966,0
163,163,"2011-06-12",2,1,28.4,1467,2993,4460,0
164,164,"2011-06-13",2,1,26,863,4157,5020,0
165,165,"2011-06-14",2,1,24.8,727,4164,4891,0
166,166,"2011-06-15",2,1,25.7,769,4411,5180,0
167,167,"2011-06-16",2,2,25.8,545,3222,3767,0
168,168,"2011-06-17",2,1,26.6,863,3981,4844,0
169,169,"2011-06-18",2,1,28.6,1807,3312,5119,0
170,170,"2011-06-19",2,2,28.7,1639,3105,4744,0
171,171,"2011-06-20",2,2,26,699,3311,4010,0
172,172,"2011-06-21",3,2,27.9,774,4061,4835,0
173,173,"2011-06-22",3,1,30.1,661,3846,4507,0
174,174,"2011-06-23",3,2,29.9,746,4044,4790,0
175,175,"2011-06-24",3,1,29.7,969,4022,4991,0
176,176,"2011-06-25",3,1,28.5,1782,3420,5202,0
177,177,"2011-06-26",3,1,27.9,1920,3385,5305,0
178,178,"2011-06-27",3,2,28,854,3854,4708,0
179,179,"2011-06-28",3,1,30.5,732,3916,4648,0
180,180,"2011-06-29",3,1,29.9,848,4377,5225,0
181,181,"2011-06-30",3,1,28.6,1027,4488,5515,0
182,182,"2011-07-01",3,1,29.6,1246,4116,5362,0
183,183,"2011-07-02",3,1,30.3,2204,2915,5119,0
184,184,"2011-07-03",3,2,29.4,2282,2367,4649,0
185,185,"2011-07-04",3,2,29.8,3065,2978,6043,0
186,186,"2011-07-05",3,1,30.6,1031,3634,4665,0
187,187,"2011-07-06",3,1,29.5,784,3845,4629,0
188,188,"2011-07-07",3,1,30.8,754,3838,4592,0
189,189,"2011-07-08",3,2,29.1,692,3348,4040,0
190,190,"2011-07-09",3,1,30.1,1988,3348,5336,0
191,191,"2011-07-10",3,1,30.6,1743,3138,4881,0
192,192,"2011-07-11",3,1,31.3,723,3363,4086,0
193,193,"2011-07-12",3,1,32.6,662,3596,4258,0
194,194,"2011-07-13",3,1,30.6,748,3594,4342,0
195,195,"2011-07-14",3,1,27.9,888,4196,5084,0
196,196,"2011-07-15",3,1,27.2,1318,4220,5538,0
197,197,"2011-07-16",3,1,28.2,2418,3505,5923,0
198,198,"2011-07-17",3,1,29.5,2006,3296,5302,0
199,199,"2011-07-18",3,1,30.6,841,3617,4458,0
200,200,"2011-07-19",3,1,31.8,752,3789,4541,0
201,201,"2011-07-20",3,1,31.5,644,3688,4332,0
202,202,"2011-07-21",3,2,33.4,632,3152,3784,0
203,203,"2011-07-22",3,1,34.8,562,2825,3387,0
204,204,"2011-07-23",3,1,34.8,987,2298,3285,0
205,205,"2011-07-24",3,1,34,1050,2556,3606,0
206,206,"2011-07-25",3,1,30.5,568,3272,3840,0
207,207,"2011-07-26",3,1,31.6,750,3840,4590,0
208,208,"2011-07-27",3,1,31.8,755,3901,4656,0
209,209,"2011-07-28",3,1,31.9,606,3784,4390,0
210,210,"2011-07-29",3,1,34.4,670,3176,3846,0
211,211,"2011-07-30",3,1,33,1559,2916,4475,0
212,212,"2011-07-31",3,1,33,1524,2778,4302,0
213,213,"2011-08-01",3,1,31.6,729,3537,4266,0
214,214,"2011-08-02",3,1,32.1,801,4044,4845,0
215,215,"2011-08-03",3,2,30,467,3107,3574,0
216,216,"2011-08-04",3,2,29.1,799,3777,4576,0
217,217,"2011-08-05",3,1,29.1,1023,3843,4866,0
218,218,"2011-08-06",3,2,29.4,1521,2773,4294,0
219,219,"2011-08-07",3,1,30.4,1298,2487,3785,0
220,220,"2011-08-08",3,1,31.4,846,3480,4326,0
221,221,"2011-08-09",3,1,31.8,907,3695,4602,0
222,222,"2011-08-10",3,1,31.4,884,3896,4780,0
223,223,"2011-08-11",3,1,29.4,812,3980,4792,0
224,224,"2011-08-12",3,1,29,1051,3854,4905,0
225,225,"2011-08-13",3,2,28.1,1504,2646,4150,0
226,226,"2011-08-14",3,2,27.7,1338,2482,3820,0
227,227,"2011-08-15",3,1,27.3,775,3563,4338,0
228,228,"2011-08-16",3,1,28.7,721,4004,4725,0
229,229,"2011-08-17",3,1,29.7,668,4026,4694,0
230,230,"2011-08-18",3,1,29.2,639,3166,3805,0
231,231,"2011-08-19",3,2,28.1,797,3356,4153,0
232,232,"2011-08-20",3,1,28.6,1914,3277,5191,0
233,233,"2011-08-21",3,1,29.1,1249,2624,3873,0
234,234,"2011-08-22",3,1,28.4,833,3925,4758,0
235,235,"2011-08-23",3,1,26.3,1281,4614,5895,0
236,236,"2011-08-24",3,1,27.6,949,4181,5130,0
237,237,"2011-08-25",3,2,28.1,435,3107,3542,0
238,238,"2011-08-26",3,1,28.7,768,3893,4661,0
239,239,"2011-08-27",3,2,27.9,226,889,1115,1
240,240,"2011-08-28",3,1,29,1415,2919,4334,0
241,241,"2011-08-29",3,1,26.1,729,3905,4634,0
242,242,"2011-08-30",3,1,26.2,775,4429,5204,0
243,243,"2011-08-31",3,1,26.9,688,4370,5058,0
244,244,"2011-09-01",3,1,26.9,783,4332,5115,0
245,245,"2011-09-02",3,2,26.4,875,3852,4727,0
246,246,"2011-09-03",3,1,27.4,1935,2549,4484,0
247,247,"2011-09-04",3,1,29.1,2521,2419,4940,0
248,248,"2011-09-05",3,2,27.6,1236,2115,3351,0
249,249,"2011-09-06",3,3,22.1,204,2506,2710,0
250,250,"2011-09-07",3,3,24.6,118,1878,1996,1
251,251,"2011-09-08",3,3,26,153,1689,1842,1
252,252,"2011-09-09",3,2,26.7,417,3127,3544,0
253,253,"2011-09-10",3,1,27.1,1750,3595,5345,0
254,254,"2011-09-11",3,1,26.8,1633,3413,5046,0
255,255,"2011-09-12",3,1,26.4,690,4023,4713,0
256,256,"2011-09-13",3,1,26.7,701,4062,4763,0
257,257,"2011-09-14",3,1,27.6,647,4138,4785,0
258,258,"2011-09-15",3,2,23.7,428,3231,3659,0
259,259,"2011-09-16",3,2,19.2,742,4018,4760,0
260,260,"2011-09-17",3,2,20.2,1434,3077,4511,0
261,261,"2011-09-18",3,1,20.8,1353,2921,4274,0
262,262,"2011-09-19",3,2,22.5,691,3848,4539,0
263,263,"2011-09-20",3,2,23,438,3203,3641,0
264,264,"2011-09-21",3,2,24.4,539,3813,4352,0
265,265,"2011-09-22",3,2,25.8,555,4240,4795,0
266,266,"2011-09-23",4,2,25,258,2137,2395,0
267,267,"2011-09-24",4,2,24.9,1776,3647,5423,0
268,268,"2011-09-25",4,2,26,1544,3466,5010,0
269,269,"2011-09-26",4,2,26.6,684,3946,4630,0
270,270,"2011-09-27",4,2,26.1,477,3643,4120,0
271,271,"2011-09-28",4,2,26,480,3427,3907,0
272,272,"2011-09-29",4,1,25.3,653,4186,4839,0
273,273,"2011-09-30",4,1,23.1,830,4372,5202,0
274,274,"2011-10-01",4,2,16.8,480,1949,2429,0
275,275,"2011-10-02",4,2,14.6,616,2302,2918,0
276,276,"2011-10-03",4,2,15.8,330,3240,3570,0
277,277,"2011-10-04",4,1,19.9,486,3970,4456,0
278,278,"2011-10-05",4,1,22.1,559,4267,4826,0
279,279,"2011-10-06",4,1,20.3,639,4126,4765,0
280,280,"2011-10-07",4,1,20.9,949,4036,4985,0
281,281,"2011-10-08",4,1,21.4,2235,3174,5409,0
282,282,"2011-10-09",4,1,22.2,2397,3114,5511,0
283,283,"2011-10-10",4,1,23.4,1514,3603,5117,0
284,284,"2011-10-11",4,2,23.2,667,3896,4563,0
285,285,"2011-10-12",4,3,22.3,217,2199,2416,0
286,286,"2011-10-13",4,2,24.2,290,2623,2913,0
287,287,"2011-10-14",4,2,22.6,529,3115,3644,0
288,288,"2011-10-15",4,1,20.8,1899,3318,5217,0
289,289,"2011-10-16",4,1,21,1748,3293,5041,0
290,290,"2011-10-17",4,1,21.9,713,3857,4570,0
291,291,"2011-10-18",4,2,21.8,637,4111,4748,0
292,292,"2011-10-19",4,3,22.2,254,2170,2424,0
293,293,"2011-10-20",4,1,19.5,471,3724,4195,0
294,294,"2011-10-21",4,1,17.5,676,3628,4304,0
295,295,"2011-10-22",4,1,17.3,1499,2809,4308,0
296,296,"2011-10-23",4,1,17.3,1619,2762,4381,0
297,297,"2011-10-24",4,1,19,699,3488,4187,0
298,298,"2011-10-25",4,1,19.3,695,3992,4687,0
299,299,"2011-10-26",4,2,19.9,404,3490,3894,0
300,300,"2011-10-27",4,2,19.3,240,2419,2659,0
301,301,"2011-10-28",4,2,13.6,456,3291,3747,0
302,302,"2011-10-29",4,3,10.4,57,570,627,1
303,303,"2011-10-30",4,1,13.1,885,2446,3331,0
304,304,"2011-10-31",4,1,13.9,362,3307,3669,0
305,305,"2011-11-01",4,1,16.4,410,3658,4068,0
306,306,"2011-11-02",4,1,15.5,370,3816,4186,0
307,307,"2011-11-03",4,1,16.7,318,3656,3974,0
308,308,"2011-11-04",4,2,16.5,470,3576,4046,0
309,309,"2011-11-05",4,1,13.4,1156,2770,3926,0
310,310,"2011-11-06",4,1,14.3,952,2697,3649,0
311,311,"2011-11-07",4,1,16.2,373,3662,4035,0
312,312,"2011-11-08",4,1,16.7,376,3829,4205,0
313,313,"2011-11-09",4,1,16.4,305,3804,4109,0
314,314,"2011-11-10",4,2,15.6,190,2743,2933,0
315,315,"2011-11-11",4,1,13.3,440,2928,3368,0
316,316,"2011-11-12",4,1,14.6,1275,2792,4067,0
317,317,"2011-11-13",4,1,18.1,1004,2713,3717,0
318,318,"2011-11-14",4,1,21.7,595,3891,4486,0
319,319,"2011-11-15",4,2,21.7,449,3746,4195,0
320,320,"2011-11-16",4,3,18.7,145,1672,1817,1
321,321,"2011-11-17",4,2,14,139,2914,3053,0
322,322,"2011-11-18",4,1,11.2,245,3147,3392,0
323,323,"2011-11-19",4,1,13.5,943,2720,3663,0
324,324,"2011-11-20",4,2,19,787,2733,3520,0
325,325,"2011-11-21",4,3,18.3,220,2545,2765,0
326,326,"2011-11-22",4,3,17.1,69,1538,1607,1
327,327,"2011-11-23",4,2,18.1,112,2454,2566,0
328,328,"2011-11-24",4,1,15.3,560,935,1495,1
329,329,"2011-11-25",4,1,15.4,1095,1697,2792,0
330,330,"2011-11-26",4,1,15.4,1249,1819,3068,0
331,331,"2011-11-27",4,1,18.8,810,2261,3071,0
332,332,"2011-11-28",4,1,20.6,253,3614,3867,0
333,333,"2011-11-29",4,2,18.8,96,2818,2914,0
334,334,"2011-11-30",4,1,13.3,188,3425,3613,0
335,335,"2011-12-01",4,1,12.8,182,3545,3727,0
336,336,"2011-12-02",4,1,12.9,268,3672,3940,0
337,337,"2011-12-03",4,1,12.3,706,2908,3614,0
338,338,"2011-12-04",4,1,13.6,634,2851,3485,0
339,339,"2011-12-05",4,2,15.8,233,3578,3811,0
340,340,"2011-12-06",4,3,19,126,2468,2594,0
341,341,"2011-12-07",4,3,16.8,50,655,705,1
342,342,"2011-12-08",4,1,10.9,150,3172,3322,0
343,343,"2011-12-09",4,1,11.9,261,3359,3620,0
344,344,"2011-12-10",4,1,11.3,502,2688,3190,0
345,345,"2011-12-11",4,1,9.1,377,2366,2743,0
346,346,"2011-12-12",4,1,9.8,143,3167,3310,0
347,347,"2011-12-13",4,1,11.6,155,3368,3523,0
348,348,"2011-12-14",4,2,13,178,3562,3740,0
349,349,"2011-12-15",4,2,17.3,181,3528,3709,0
350,350,"2011-12-16",4,2,15.4,178,3399,3577,0
351,351,"2011-12-17",4,2,10.6,275,2464,2739,0
352,352,"2011-12-18",4,1,9.8,220,2211,2431,0
353,353,"2011-12-19",4,1,11.3,260,3143,3403,0
354,354,"2011-12-20",4,2,15.8,216,3534,3750,0
355,355,"2011-12-21",1,2,17.6,107,2553,2660,0
356,356,"2011-12-22",1,2,17.4,227,2841,3068,0
357,357,"2011-12-23",1,1,15.3,163,2046,2209,1
358,358,"2011-12-24",1,1,12.4,155,856,1011,1
359,359,"2011-12-25",1,1,11.3,303,451,754,1
360,360,"2011-12-26",1,1,13.2,430,887,1317,1
361,361,"2011-12-27",1,2,13.3,103,1059,1162,1
362,362,"2011-12-28",1,1,12.3,255,2047,2302,0
363,363,"2011-12-29",1,1,10.2,254,2169,2423,0
364,364,"2011-12-30",1,1,12.8,491,2508,2999,0
365,365,"2011-12-31",1,1,16.8,665,1820,2485,0
366,366,"2012-01-01",1,1,15.2,686,1608,2294,0
367,367,"2012-01-02",1,1,11.2,244,1707,1951,1
368,368,"2012-01-03",1,1,6.2,89,2147,2236,0
369,369,"2012-01-04",1,2,4.4,95,2273,2368,0
370,370,"2012-01-05",1,1,10.9,140,3132,3272,0
371,371,"2012-01-06",1,1,13.7,307,3791,4098,0
372,372,"2012-01-07",1,1,16.1,1070,3451,4521,0
373,373,"2012-01-08",1,1,13.8,599,2826,3425,0
374,374,"2012-01-09",1,2,9.2,106,2270,2376,0
375,375,"2012-01-10",1,1,12.7,173,3425,3598,0
376,376,"2012-01-11",1,2,11.2,92,2085,2177,1
377,377,"2012-01-12",1,2,15.7,269,3828,4097,0
378,378,"2012-01-13",1,1,11.2,174,3040,3214,0
379,379,"2012-01-14",1,1,7.4,333,2160,2493,0
380,380,"2012-01-15",1,1,6.8,284,2027,2311,0
381,381,"2012-01-16",1,1,7.8,217,2081,2298,0
382,382,"2012-01-17",1,2,15.3,127,2808,2935,0
383,383,"2012-01-18",1,1,12.4,109,3267,3376,0
384,384,"2012-01-19",1,1,7.8,130,3162,3292,0
385,385,"2012-01-20",1,2,8.9,115,3048,3163,0
386,386,"2012-01-21",1,2,7.1,67,1234,1301,1
387,387,"2012-01-22",1,2,6.7,196,1781,1977,1
388,388,"2012-01-23",1,2,9,145,2287,2432,0
389,389,"2012-01-24",1,1,14,439,3900,4339,0
390,390,"2012-01-25",1,1,12.1,467,3803,4270,0
391,391,"2012-01-26",1,2,14,244,3831,4075,0
392,392,"2012-01-27",1,2,17.4,269,3187,3456,0
393,393,"2012-01-28",1,1,12.9,775,3248,4023,0
394,394,"2012-01-29",1,1,11.6,558,2685,3243,0
395,395,"2012-01-30",1,1,11,126,3498,3624,0
